{"cameraMode":{"drawMode":0,"name":"Shaded","section":"Shading Mode"},"sceneLighting":true,"audioPlay":false,"sceneViewState":{"m_AlwaysRefresh":false,"showFog":true,"showSkybox":true,"showFlares":true,"showImageEffects":true,"showParticleSystems":true,"showVisualEffectGraphs":true,"m_FxEnabled":true},"in2DMode":false,"pivot":{"x":-273.95465087890627,"y":8.887986183166504,"z":-433.5828857421875},"rotation":{"x":-0.018715672194957734,"y":-0.39357614517211916,"z":0.002908221213147044,"w":-0.9200159907341003},"size":0.7076516151428223,"orthographic":false}