{"cameraMode":{"drawMode":0,"name":"Shaded","section":"Shading Mode"},"sceneLighting":true,"audioPlay":false,"sceneViewState":{"m_AlwaysRefresh":false,"showFog":true,"showSkybox":true,"showFlares":true,"showImageEffects":true,"showParticleSystems":true,"showVisualEffectGraphs":true,"m_FxEnabled":true},"in2DMode":false,"pivot":{"x":86.16988372802735,"y":31.61674690246582,"z":-33.31388473510742},"rotation":{"x":0.015167636796832085,"y":0.9833393096923828,"z":-0.09708862006664276,"w":0.15491200983524323},"size":5.336528778076172,"orthographic":false}