{"cameraMode":{"drawMode":0,"name":"Shaded","section":"Shading Mode"},"sceneLighting":true,"audioPlay":false,"sceneViewState":{"m_AlwaysRefresh":false,"showFog":true,"showSkybox":true,"showFlares":true,"showImageEffects":true,"showParticleSystems":true,"showVisualEffectGraphs":true,"m_FxEnabled":true},"in2DMode":false,"pivot":{"x":98.23229217529297,"y":23.633609771728517,"z":12.525771141052246},"rotation":{"x":-0.16588380932807923,"y":-0.6880079507827759,"z":0.16534386575222016,"w":-0.6869450211524963},"size":2.8815805912017824,"orthographic":false}