{"cameraMode":{"drawMode":0,"name":"Shaded","section":"Shading Mode"},"sceneLighting":true,"audioPlay":false,"sceneViewState":{"m_AlwaysRefresh":false,"showFog":true,"showSkybox":true,"showFlares":true,"showImageEffects":true,"showParticleSystems":true,"showVisualEffectGraphs":true,"m_FxEnabled":true},"in2DMode":false,"pivot":{"x":117.85198974609375,"y":18.211801528930665,"z":-65.9586410522461},"rotation":{"x":0.1887539178133011,"y":0.26872071623802187,"z":-0.05324011296033859,"w":0.9430423974990845},"size":1.0307763814926148,"orthographic":false}