{"cameraMode":{"drawMode":0,"name":"Shaded","section":"Shading Mode"},"sceneLighting":true,"audioPlay":false,"sceneViewState":{"m_AlwaysRefresh":false,"showFog":true,"showSkybox":true,"showFlares":true,"showImageEffects":true,"showParticleSystems":true,"showVisualEffectGraphs":true,"m_FxEnabled":true},"in2DMode":false,"pivot":{"x":-407.3487548828125,"y":13.483675003051758,"z":-342.80218505859377},"rotation":{"x":-0.05338596552610397,"y":0.9481375813484192,"z":0.22991354763507844,"w":0.21482108533382417},"size":2.2080609798431398,"orthographic":false}