{"cameraMode":{"drawMode":0,"name":"Shaded","section":"Shading Mode"},"sceneLighting":true,"audioPlay":false,"sceneViewState":{"m_AlwaysRefresh":false,"showFog":true,"showSkybox":true,"showFlares":true,"showImageEffects":true,"showParticleSystems":true,"showVisualEffectGraphs":true,"m_FxEnabled":true},"in2DMode":false,"pivot":{"x":-389.9078063964844,"y":28.547019958496095,"z":-445.8846130371094},"rotation":{"x":-0.017466945573687555,"y":-0.8485415577888489,"z":0.03015494905412197,"w":-0.5287458300590515},"size":0.8660253882408142,"orthographic":false}